"";"name";"betweenness";"closeness";"strength";"degree";"average_distance";"graph_density";"file";"author"
"1";"Elena";4,00726817042607;0,0178571428571429;28;12;56;0,381512605042017;"Bulgakov_Dni_Turbinyh.csv";"Bulgakov"
"2";"Junkera";0;0,0172413793103448;15;15;58;0,381512605042017;"Bulgakov_Dni_Turbinyh.csv";"Bulgakov"
"3";"GolosMyshlaevskogo";1;0,015625;13;9;64;0,381512605042017;"Bulgakov_Dni_Turbinyh.csv";"Bulgakov"
"4";"GolosTalberga";0;0,0140845070422535;7;7;71;0,381512605042017;"Bulgakov_Dni_Turbinyh.csv";"Bulgakov"
"5";"Studzinskij";41,5647869674185;0,0222222222222222;36;23;45;0,381512605042017;"Bulgakov_Dni_Turbinyh.csv";"Bulgakov"
"6";"Galanba";25,4624060150376;0,0192307692307692;23;21;52;0,381512605042017;"Bulgakov_Dni_Turbinyh.csv";"Bulgakov"
"7";"Aleksej";42,440977443609;0,0222222222222222;30;23;45;0,381512605042017;"Bulgakov_Dni_Turbinyh.csv";"Bulgakov"
"8";"Lariosik";4,00726817042607;0,0178571428571429;28;12;56;0,381512605042017;"Bulgakov_Dni_Turbinyh.csv";"Bulgakov"
"9";"Nikolka";48,59335839599;0,0227272727272727;43;24;44;0,381512605042017;"Bulgakov_Dni_Turbinyh.csv";"Bulgakov"
"10";"Kirpatyj";25,4624060150376;0,0192307692307692;23;21;52;0,381512605042017;"Bulgakov_Dni_Turbinyh.csv";"Bulgakov"
"11";"Golosa";0;0,0144927536231884;8;8;69;0,381512605042017;"Bulgakov_Dni_Turbinyh.csv";"Bulgakov"
"12";"Dezertir";0;0,0144927536231884;8;8;69;0,381512605042017;"Bulgakov_Dni_Turbinyh.csv";"Bulgakov"
"13";"Pervyjofitser";0;0,0172413793103448;15;15;58;0,381512605042017;"Bulgakov_Dni_Turbinyh.csv";"Bulgakov"
"14";"Dust";0;0,0123456790123457;5;5;81;0,381512605042017;"Bulgakov_Dni_Turbinyh.csv";"Bulgakov"
"15";"Uragan";25,4624060150376;0,0192307692307692;23;21;52;0,381512605042017;"Bulgakov_Dni_Turbinyh.csv";"Bulgakov"
"16";"Getman";0;0,0123456790123457;5;5;81;0,381512605042017;"Bulgakov_Dni_Turbinyh.csv";"Bulgakov"
"17";"Shervinskij";147,050125313283;0,0192307692307692;26;16;52;0,381512605042017;"Bulgakov_Dni_Turbinyh.csv";"Bulgakov"
"18";"GolosShervinskogo";0;0,0151515151515152;7;7;66;0,381512605042017;"Bulgakov_Dni_Turbinyh.csv";"Bulgakov"
"19";"Nikolaj";0;0,0172413793103448;15;15;58;0,381512605042017;"Bulgakov_Dni_Turbinyh.csv";"Bulgakov"
"20";"Myshlaevskij";48,59335839599;0,0227272727272727;43;24;44;0,381512605042017;"Bulgakov_Dni_Turbinyh.csv";"Bulgakov"
"21";"Vtorojjunker";0;0,0172413793103448;15;15;58;0,381512605042017;"Bulgakov_Dni_Turbinyh.csv";"Bulgakov"
"22";"Maksim";0;0,0172413793103448;15;15;58;0,381512605042017;"Bulgakov_Dni_Turbinyh.csv";"Bulgakov"
"23";"Bolbotun";0;0,0144927536231884;8;8;69;0,381512605042017;"Bulgakov_Dni_Turbinyh.csv";"Bulgakov"
"24";"Telefonist";0;0,0144927536231884;8;8;69;0,381512605042017;"Bulgakov_Dni_Turbinyh.csv";"Bulgakov"
"25";"Pervyjjunker";0;0,0172413793103448;15;15;58;0,381512605042017;"Bulgakov_Dni_Turbinyh.csv";"Bulgakov"
"26";"GolosNikolki";0;0,0166666666666667;8;8;60;0,381512605042017;"Bulgakov_Dni_Turbinyh.csv";"Bulgakov"
"27";"Lakej";0;0,0123456790123457;5;5;81;0,381512605042017;"Bulgakov_Dni_Turbinyh.csv";"Bulgakov"
"28";"Chelovekskorzinoj";0;0,0144927536231884;8;8;69;0,381512605042017;"Bulgakov_Dni_Turbinyh.csv";"Bulgakov"
"29";"Tretijjunker";0;0,0172413793103448;15;15;58;0,381512605042017;"Bulgakov_Dni_Turbinyh.csv";"Bulgakov"
"30";"Tretijofitser";0;0,0172413793103448;15;15;58;0,381512605042017;"Bulgakov_Dni_Turbinyh.csv";"Bulgakov"
"31";"Shratt";0;0,0123456790123457;5;5;81;0,381512605042017;"Bulgakov_Dni_Turbinyh.csv";"Bulgakov"
"32";"Vse";62,8699248120301;0,0192307692307692;16;16;52;0,381512605042017;"Bulgakov_Dni_Turbinyh.csv";"Bulgakov"
"33";"Vtorojofitser";0;0,0172413793103448;15;15;58;0,381512605042017;"Bulgakov_Dni_Turbinyh.csv";"Bulgakov"
"34";"Talberg";1,48571428571429;0,0158730158730159;14;10;63;0,381512605042017;"Bulgakov_Dni_Turbinyh.csv";"Bulgakov"
"35";"Vrach";0;0,0123456790123457;5;5;81;0,381512605042017;"Bulgakov_Dni_Turbinyh.csv";"Bulgakov"
"36";"Dorn";0;0,0833333333333333;28;10;12;0,984848484848485;"Chehov_Chaika.csv";"Chehov"
"37";"Nina";0,1;0,0909090909090909;38;11;11;0,984848484848485;"Chehov_Chaika.csv";"Chehov"
"38";"Arkadina";0,1;0,0909090909090909;38;11;11;0,984848484848485;"Chehov_Chaika.csv";"Chehov"
"39";"Masha";0,1;0,0909090909090909;38;11;11;0,984848484848485;"Chehov_Chaika.csv";"Chehov"
"40";"Jakov";0,1;0,0909090909090909;20;11;11;0,984848484848485;"Chehov_Chaika.csv";"Chehov"
"41";"PolinaAndreevna";0,1;0,0909090909090909;38;11;11;0,984848484848485;"Chehov_Chaika.csv";"Chehov"
"42";"Medvedenko";0,1;0,0909090909090909;38;11;11;0,984848484848485;"Chehov_Chaika.csv";"Chehov"
"43";"Sorin";0,1;0,0909090909090909;38;11;11;0,984848484848485;"Chehov_Chaika.csv";"Chehov"
"44";"Shamraev";0,1;0,0909090909090909;38;11;11;0,984848484848485;"Chehov_Chaika.csv";"Chehov"
"45";"Povar";0;0,0833333333333333;10;10;12;0,984848484848485;"Chehov_Chaika.csv";"Chehov"
"46";"Treplev";0,1;0,0909090909090909;38;11;11;0,984848484848485;"Chehov_Chaika.csv";"Chehov"
"47";"Trigorin";0,1;0,0909090909090909;38;11;11;0,984848484848485;"Chehov_Chaika.csv";"Chehov"
"48";"Efim";0;0,0909090909090909;7;7;11;0,955555555555555;"Chehov_Djadja_Vanja.csv";"Chehov"
"49";"MarijaVasilevna";0;0,1;23;8;10;0,955555555555555;"Chehov_Djadja_Vanja.csv";"Chehov"
"50";"ElenaAndreevna";0,285714285714286;0,111111111111111;30;9;9;0,955555555555555;"Chehov_Djadja_Vanja.csv";"Chehov"
"51";"Marina";0,285714285714286;0,111111111111111;30;9;9;0,955555555555555;"Chehov_Djadja_Vanja.csv";"Chehov"
"52";"Sonja";0,285714285714286;0,111111111111111;30;9;9;0,955555555555555;"Chehov_Djadja_Vanja.csv";"Chehov"
"53";"Serebrjakov";0,285714285714286;0,111111111111111;30;9;9;0,955555555555555;"Chehov_Djadja_Vanja.csv";"Chehov"
"54";"Rabotnik";0;0,1;16;8;10;0,955555555555555;"Chehov_Djadja_Vanja.csv";"Chehov"
"55";"Astrov";0,285714285714286;0,111111111111111;30;9;9;0,955555555555555;"Chehov_Djadja_Vanja.csv";"Chehov"
"56";"Telegin";0,285714285714286;0,111111111111111;30;9;9;0,955555555555555;"Chehov_Djadja_Vanja.csv";"Chehov"
"57";"Vojnitskij";0,285714285714286;0,111111111111111;30;9;9;0,955555555555555;"Chehov_Djadja_Vanja.csv";"Chehov"
"58";"Ivanov";8,86973304473304;0,0476190476190476;46;11;21;0,588235294117647;"Chehov_Ivanov.csv";"Chehov"
"59";"Baryshni";0;0,0384615384615385;6;6;26;0,588235294117647;"Chehov_Ivanov.csv";"Chehov"
"60";"AnnaPetrovna";0;0,03125;11;4;32;0,588235294117647;"Chehov_Ivanov.csv";"Chehov"
"61";"Babakina";6,53658008658009;0,0526315789473684;31;13;19;0,588235294117647;"Chehov_Ivanov.csv";"Chehov"
"62";"TretijGost";1,12222222222222;0,0416666666666667;18;9;24;0,588235294117647;"Chehov_Ivanov.csv";"Chehov"
"63";"Sasha";2,23181818181818;0,0476190476190476;36;11;21;0,588235294117647;"Chehov_Ivanov.csv";"Chehov"
"64";"Shabelskij";4,10526695526696;0,0476190476190476;43;11;21;0,588235294117647;"Chehov_Ivanov.csv";"Chehov"
"65";"PerviyGost";0,555555555555555;0,04;15;8;25;0,588235294117647;"Chehov_Ivanov.csv";"Chehov"
"66";"AvdotjaNazarovna";6,53658008658009;0,0526315789473684;27;13;19;0,588235294117647;"Chehov_Ivanov.csv";"Chehov"
"67";"Lebedev";12,3540404040404;0,0526315789473684;49;13;19;0,588235294117647;"Chehov_Ivanov.csv";"Chehov"
"68";"Kosyh";4,82882395382395;0,05;21;12;20;0,588235294117647;"Chehov_Ivanov.csv";"Chehov"
"69";"Borkin";4,10526695526696;0,0476190476190476;34;11;21;0,588235294117647;"Chehov_Ivanov.csv";"Chehov"
"70";"Egorushka";0;0,037037037037037;7;7;27;0,588235294117647;"Chehov_Ivanov.csv";"Chehov"
"71";"Gosti";0;0,03125;2;2;32;0,588235294117647;"Chehov_Ivanov.csv";"Chehov"
"72";"Lvov";2,33639971139971;0,0434782608695652;25;9;23;0,588235294117647;"Chehov_Ivanov.csv";"Chehov"
"73";"VtorojGost";0;0,037037037037037;7;7;27;0,588235294117647;"Chehov_Ivanov.csv";"Chehov"
"74";"ZinaidaSavishna";8,41771284271284;0,0526315789473684;34;13;19;0,588235294117647;"Chehov_Ivanov.csv";"Chehov"
"75";"Djadin";1,25555555555556;0,0833333333333333;71;12;12;0,897435897435897;"Chehov_Leshii.csv";"Chehov"
"76";"Sonja";0,222222222222222;0,0769230769230769;61;11;13;0,897435897435897;"Chehov_Leshii.csv";"Chehov"
"77";"Vojnitskij";0,833333333333333;0,0769230769230769;64;11;13;0,897435897435897;"Chehov_Leshii.csv";"Chehov"
"78";"Orlovskij";1,25555555555556;0,0833333333333333;87;12;12;0,897435897435897;"Chehov_Leshii.csv";"Chehov"
"79";"Julja";1,25555555555556;0,0833333333333333;71;12;12;0,897435897435897;"Chehov_Leshii.csv";"Chehov"
"80";"MarjaVasilevna";0;0,0714285714285714;29;10;14;0,897435897435897;"Chehov_Leshii.csv";"Chehov"
"81";"ElenaAndreevna";0,222222222222222;0,0769230769230769;54;11;13;0,897435897435897;"Chehov_Leshii.csv";"Chehov"
"82";"FedorIvanovich";1,25555555555556;0,0833333333333333;59;12;12;0,897435897435897;"Chehov_Leshii.csv";"Chehov"
"83";"Semen";0;0,0666666666666667;13;9;15;0,897435897435897;"Chehov_Leshii.csv";"Chehov"
"84";"Serebrjakov";0,222222222222222;0,0769230769230769;62;11;13;0,897435897435897;"Chehov_Leshii.csv";"Chehov"
"85";"Hruschov";0,222222222222222;0,0769230769230769;51;11;13;0,897435897435897;"Chehov_Leshii.csv";"Chehov"
"86";"Vasilij";0;0,0555555555555556;6;6;18;0,897435897435897;"Chehov_Leshii.csv";"Chehov"
"87";"Zheltuhin";1,25555555555556;0,0833333333333333;58;12;12;0,897435897435897;"Chehov_Leshii.csv";"Chehov"
"88";"Popova";0;0,5;9;2;2;1;"Chehov_Medved.csv";"Chehov"
"89";"Luka";0;0,5;9;2;2;1;"Chehov_Medved.csv";"Chehov"
"90";"Smirnov";0;0,5;8;2;2;1;"Chehov_Medved.csv";"Chehov"
"91";"Kuzma";0;0,0714285714285714;8;8;14;0,742424242424242;"Chehov_Na_bolshoi_doroge.csv";"Chehov"
"92";"Bortsov";1,95238095238095;0,0833333333333333;25;10;12;0,742424242424242;"Chehov_Na_bolshoi_doroge.csv";"Chehov"
"93";"Goloszadverju";0;0,0714285714285714;8;8;14;0,742424242424242;"Chehov_Na_bolshoi_doroge.csv";"Chehov"
"94";"Efimovna";0,285714285714286;0,0769230769230769;21;9;13;0,742424242424242;"Chehov_Na_bolshoi_doroge.csv";"Chehov"
"95";"Golosizugla";0,285714285714286;0,0769230769230769;21;9;13;0,742424242424242;"Chehov_Na_bolshoi_doroge.csv";"Chehov"
"96";"Fedja";4,28571428571429;0,0833333333333333;23;10;12;0,742424242424242;"Chehov_Na_bolshoi_doroge.csv";"Chehov"
"97";"MarjaEgorovna";0;0,0555555555555556;4;4;18;0,742424242424242;"Chehov_Na_bolshoi_doroge.csv";"Chehov"
"98";"Merik";1,95238095238095;0,0833333333333333;19;10;12;0,742424242424242;"Chehov_Na_bolshoi_doroge.csv";"Chehov"
"99";"Nazarovna";1;0,0714285714285714;17;8;14;0,742424242424242;"Chehov_Na_bolshoi_doroge.csv";"Chehov"
"100";"Savva";0,285714285714286;0,0769230769230769;21;9;13;0,742424242424242;"Chehov_Na_bolshoi_doroge.csv";"Chehov"
"101";"Kucher";0;0,05;2;2;20;0,742424242424242;"Chehov_Na_bolshoi_doroge.csv";"Chehov"
"102";"Tihon";6,95238095238095;0,0909090909090909;27;11;11;0,742424242424242;"Chehov_Na_bolshoi_doroge.csv";"Chehov"
"103";"Smotritel";0;0,333333333333333;3;3;3;1;"Chehov_Noch_pered_sudom.csv";"Chehov"
"104";"Gusev";0;0,333333333333333;3;3;3;1;"Chehov_Noch_pered_sudom.csv";"Chehov"
"105";"Zajtsev";0;0,333333333333333;3;3;3;1;"Chehov_Noch_pered_sudom.csv";"Chehov"
"106";"Zinochka";0;0,333333333333333;3;3;3;1;"Chehov_Noch_pered_sudom.csv";"Chehov"
"107";"Lakej";0;0,0769230769230769;13;13;13;1;"Chehov_Svadba.csv";"Chehov"
"108";"Aplombov";0;0,0769230769230769;13;13;13;1;"Chehov_Svadba.csv";"Chehov"
"109";"Kavalery";0;0,0769230769230769;13;13;13;1;"Chehov_Svadba.csv";"Chehov"
"110";"";0;0,0769230769230769;13;13;13;1;"Chehov_Svadba.csv";"Chehov"
"111";"Jat";0;0,0769230769230769;13;13;13;1;"Chehov_Svadba.csv";"Chehov"
"112";"Mozgovoj";0;0,0769230769230769;13;13;13;1;"Chehov_Svadba.csv";"Chehov"
"113";"NastasjaTimofeevna";0;0,0769230769230769;13;13;13;1;"Chehov_Svadba.csv";"Chehov"
"114";"Njunin";0;0,0769230769230769;13;13;13;1;"Chehov_Svadba.csv";"Chehov"
"115";"Dashenka";0;0,0769230769230769;13;13;13;1;"Chehov_Svadba.csv";"Chehov"
"116";"Revunov";0;0,0769230769230769;13;13;13;1;"Chehov_Svadba.csv";"Chehov"
"117";"Shafer";0;0,0769230769230769;13;13;13;1;"Chehov_Svadba.csv";"Chehov"
"118";"Dymba";0;0,0769230769230769;13;13;13;1;"Chehov_Svadba.csv";"Chehov"
"119";"Zhigalov";0;0,0769230769230769;13;13;13;1;"Chehov_Svadba.csv";"Chehov"
"120";"Zmejukina";0;0,0769230769230769;13;13;13;1;"Chehov_Svadba.csv";"Chehov"
"121";"Damavchernom";0;0,037037037037037;27;27;27;1;"Chehov_Tatjana_Repina.csv";"Chehov"
"122";"Kokoshkin";0;0,037037037037037;27;27;27;1;"Chehov_Tatjana_Repina.csv";"Chehov"
"123";"Kto-to";0;0,037037037037037;27;27;27;1;"Chehov_Tatjana_Repina.csv";"Chehov"
"124";"Damy";0;0,037037037037037;27;27;27;1;"Chehov_Tatjana_Repina.csv";"Chehov"
"125";"Kotelnikov";0;0,037037037037037;27;27;27;1;"Chehov_Tatjana_Repina.csv";"Chehov"
"126";"Komik";0;0,037037037037037;27;27;27;1;"Chehov_Tatjana_Repina.csv";"Chehov"
"127";"Kuzma";0;0,037037037037037;27;27;27;1;"Chehov_Tatjana_Repina.csv";"Chehov"
"128";"Ofitseriztolpy";0;0,037037037037037;27;27;27;1;"Chehov_Tatjana_Repina.csv";"Chehov"
"129";"Student";0;0,037037037037037;27;27;27;1;"Chehov_Tatjana_Repina.csv";"Chehov"
"130";"O.Aleksej";0;0,037037037037037;27;27;27;1;"Chehov_Tatjana_Repina.csv";"Chehov"
"131";"Djakon";0;0,037037037037037;27;27;27;1;"Chehov_Tatjana_Repina.csv";"Chehov"
"132";"Matveev";0;0,037037037037037;27;27;27;1;"Chehov_Tatjana_Repina.csv";"Chehov"
"133";"O.Ivan";0;0,037037037037037;27;27;27;1;"Chehov_Tatjana_Repina.csv";"Chehov"
"134";"Olenina";0;0,037037037037037;27;27;27;1;"Chehov_Tatjana_Repina.csv";"Chehov"
"135";"Djachok";0;0,037037037037037;27;27;27;1;"Chehov_Tatjana_Repina.csv";"Chehov"
"136";"Molodojakter";0;0,037037037037037;27;27;27;1;"Chehov_Tatjana_Repina.csv";"Chehov"
"137";"O.Nikolaj";0;0,037037037037037;27;27;27;1;"Chehov_Tatjana_Repina.csv";"Chehov"
"138";"Baryshnja";0;0,037037037037037;27;27;27;1;"Chehov_Tatjana_Repina.csv";"Chehov"
"139";"Sabinin";0;0,037037037037037;27;27;27;1;"Chehov_Tatjana_Repina.csv";"Chehov"
"140";"Arhierejskijhor";0;0,037037037037037;27;27;27;1;"Chehov_Tatjana_Repina.csv";"Chehov"
"141";"Kokoshkina";0;0,037037037037037;27;27;27;1;"Chehov_Tatjana_Repina.csv";"Chehov"
"142";"Sobornyjhor";0;0,037037037037037;27;27;27;1;"Chehov_Tatjana_Repina.csv";"Chehov"
"143";"Hor";0;0,037037037037037;27;27;27;1;"Chehov_Tatjana_Repina.csv";"Chehov"
"144";"Patronnikov";0;0,037037037037037;27;27;27;1;"Chehov_Tatjana_Repina.csv";"Chehov"
"145";"Tovarischprokurora";0;0,037037037037037;27;27;27;1;"Chehov_Tatjana_Repina.csv";"Chehov"
"146";"Volgin";0;0,037037037037037;27;27;27;1;"Chehov_Tatjana_Repina.csv";"Chehov"
"147";"Vtolpe";0;0,037037037037037;27;27;27;1;"Chehov_Tatjana_Repina.csv";"Chehov"
"148";"Zonenshtejn";0;0,037037037037037;27;27;27;1;"Chehov_Tatjana_Repina.csv";"Chehov"
"149";"Murashkin";0;1;1;1;1;1;"Chehov_Tragik_ponevole.csv";"Chehov"
"150";"Tolkachov";0;1;1;1;1;1;"Chehov_Tragik_ponevole.csv";"Chehov"
"151";"Solenyj";0;0,0769230769230769;51;13;13;1;"Chehov_Tri_sestry.csv";"Chehov"
"152";"Ferapont";0;0,0769230769230769;51;13;13;1;"Chehov_Tri_sestry.csv";"Chehov"
"153";"Andrej";0;0,0769230769230769;51;13;13;1;"Chehov_Tri_sestry.csv";"Chehov"
"154";"Anfisa";0;0,0769230769230769;51;13;13;1;"Chehov_Tri_sestry.csv";"Chehov"
"155";"Natasha";0;0,0769230769230769;51;13;13;1;"Chehov_Tri_sestry.csv";"Chehov"
"156";"Olga";0;0,0769230769230769;51;13;13;1;"Chehov_Tri_sestry.csv";"Chehov"
"157";"Irina";0;0,0769230769230769;51;13;13;1;"Chehov_Tri_sestry.csv";"Chehov"
"158";"Masha";0;0,0769230769230769;51;13;13;1;"Chehov_Tri_sestry.csv";"Chehov"
"159";"Chebutykin";0;0,0769230769230769;51;13;13;1;"Chehov_Tri_sestry.csv";"Chehov"
"160";"Fedotik";0;0,0769230769230769;51;13;13;1;"Chehov_Tri_sestry.csv";"Chehov"
"161";"Kulygin";0;0,0769230769230769;51;13;13;1;"Chehov_Tri_sestry.csv";"Chehov"
"162";"Rode";0;0,0769230769230769;39;13;13;1;"Chehov_Tri_sestry.csv";"Chehov"
"163";"Tuzenbah";0;0,0769230769230769;51;13;13;1;"Chehov_Tri_sestry.csv";"Chehov"
"164";"Vershinin";0;0,0769230769230769;51;13;13;1;"Chehov_Tri_sestry.csv";"Chehov"
"165";"Lopahin";0,181818181818182;0,0769230769230769;45;13;13;0,978021978021978;"Chehov_Vishnevyi_sad.csv";"Chehov"
"166";"Jasha";0,181818181818182;0,0769230769230769;45;13;13;0,978021978021978;"Chehov_Vishnevyi_sad.csv";"Chehov"
"167";"Epihodov";0,181818181818182;0,0769230769230769;45;13;13;0,978021978021978;"Chehov_Vishnevyi_sad.csv";"Chehov"
"168";"Gaev";0,181818181818182;0,0769230769230769;45;13;13;0,978021978021978;"Chehov_Vishnevyi_sad.csv";"Chehov"
"169";"Dunjasha";0,181818181818182;0,0769230769230769;45;13;13;0,978021978021978;"Chehov_Vishnevyi_sad.csv";"Chehov"
"170";"LjubovAndreevna";0,181818181818182;0,0769230769230769;45;13;13;0,978021978021978;"Chehov_Vishnevyi_sad.csv";"Chehov"
"171";"Pischik";0;0,0714285714285714;34;12;14;0,978021978021978;"Chehov_Vishnevyi_sad.csv";"Chehov"
"172";"Anja";0,181818181818182;0,0769230769230769;45;13;13;0,978021978021978;"Chehov_Vishnevyi_sad.csv";"Chehov"
"173";"Nachalnikstantsii";0;0,0714285714285714;12;12;14;0,978021978021978;"Chehov_Vishnevyi_sad.csv";"Chehov"
"174";"Firs";0,181818181818182;0,0769230769230769;45;13;13;0,978021978021978;"Chehov_Vishnevyi_sad.csv";"Chehov"
"175";"Prohozhij";0;0,0666666666666667;11;11;15;0,978021978021978;"Chehov_Vishnevyi_sad.csv";"Chehov"
"176";"Trofimov";0,181818181818182;0,0769230769230769;45;13;13;0,978021978021978;"Chehov_Vishnevyi_sad.csv";"Chehov"
"177";"Sharlotta";0,181818181818182;0,0769230769230769;45;13;13;0,978021978021978;"Chehov_Vishnevyi_sad.csv";"Chehov"
"178";"Varja";0,181818181818182;0,0769230769230769;45;13;13;0,978021978021978;"Chehov_Vishnevyi_sad.csv";"Chehov"
"179";"Sovetnik";0,166666666666667;0,142857142857143;43;7;7;0,964285714285714;"Fonvizin_Brigadir.csv";"Fonvizin"
"180";"Sofja";0,166666666666667;0,142857142857143;36;7;7;0,964285714285714;"Fonvizin_Brigadir.csv";"Fonvizin"
"181";"Dobroljubov";0;0,125;34;6;8;0,964285714285714;"Fonvizin_Brigadir.csv";"Fonvizin"
"182";"Brigadirsha";0,166666666666667;0,142857142857143;39;7;7;0,964285714285714;"Fonvizin_Brigadir.csv";"Fonvizin"
"183";"Brigadir";0,166666666666667;0,142857142857143;45;7;7;0,964285714285714;"Fonvizin_Brigadir.csv";"Fonvizin"
"184";"Sluga";0;0,125;6;6;8;0,964285714285714;"Fonvizin_Brigadir.csv";"Fonvizin"
"185";"Sovetnitsa";0,166666666666667;0,142857142857143;57;7;7;0,964285714285714;"Fonvizin_Brigadir.csv";"Fonvizin"
"186";"Syn";0,166666666666667;0,142857142857143;52;7;7;0,964285714285714;"Fonvizin_Brigadir.csv";"Fonvizin"
"187";"Pravdin";5,41468253968254;0,0625;81;12;16;0,657142857142857;"Fonvizin_Nedorosl.csv";"Fonvizin"
"188";"Prostakov";3,86904761904762;0,0588235294117647;49;11;17;0,657142857142857;"Fonvizin_Nedorosl.csv";"Fonvizin"
"189";"Eremeevna";0,652777777777778;0,0588235294117647;47;11;17;0,657142857142857;"Fonvizin_Nedorosl.csv";"Fonvizin"
"190";"G-zhaProstakova";6,65277777777778;0,0625;86;12;16;0,657142857142857;"Fonvizin_Nedorosl.csv";"Fonvizin"
"191";"Mitrofan";6,65277777777778;0,0625;52;12;16;0,657142857142857;"Fonvizin_Nedorosl.csv";"Fonvizin"
"192";"Milon";0,652777777777778;0,0588235294117647;61;11;17;0,657142857142857;"Fonvizin_Nedorosl.csv";"Fonvizin"
"193";"Kutejkin";0,236111111111111;0,0555555555555556;29;10;18;0,657142857142857;"Fonvizin_Nedorosl.csv";"Fonvizin"
"194";"Kamerdiner";0,111111111111111;0,037037037037037;4;3;27;0,657142857142857;"Fonvizin_Nedorosl.csv";"Fonvizin"
"195";"Skotinin";2,61904761904762;0,0526315789473684;58;9;19;0,657142857142857;"Fonvizin_Nedorosl.csv";"Fonvizin"
"196";"Starodum";4,74801587301587;0,0625;67;12;16;0,657142857142857;"Fonvizin_Nedorosl.csv";"Fonvizin"
"197";"Tsyfirkin";0,236111111111111;0,0555555555555556;29;10;18;0,657142857142857;"Fonvizin_Nedorosl.csv";"Fonvizin"
"198";"Sofja";4,34523809523809;0,0588235294117647;57;11;17;0,657142857142857;"Fonvizin_Nedorosl.csv";"Fonvizin"
"199";"Trishka";0;0,0357142857142857;2;2;28;0,657142857142857;"Fonvizin_Nedorosl.csv";"Fonvizin"
"200";"Vralman";2,80952380952381;0,0526315789473684;15;9;19;0,657142857142857;"Fonvizin_Nedorosl.csv";"Fonvizin"
"201";"Sluga";0;0,037037037037037;3;3;27;0,657142857142857;"Fonvizin_Nedorosl.csv";"Fonvizin"
"202";"Chuzhojlakej";1,5;0,0555555555555556;9;5;18;0,318181818181818;"Gogol_Lakeiskaja.csv";"Gogol"
"203";"Grigorij";40;0,0833333333333333;15;10;12;0,318181818181818;"Gogol_Lakeiskaja.csv";"Gogol"
"204";"Gospodinvshube";0;0,0476190476190476;2;2;21;0,318181818181818;"Gogol_Lakeiskaja.csv";"Gogol"
"205";"Devushka";0;0,0476190476190476;2;2;21;0,318181818181818;"Gogol_Lakeiskaja.csv";"Gogol"
"206";"Gospodin";0;0,0476190476190476;2;2;21;0,318181818181818;"Gogol_Lakeiskaja.csv";"Gogol"
"207";"Dvoretskij";10;0,0526315789473684;3;3;19;0,318181818181818;"Gogol_Lakeiskaja.csv";"Gogol"
"208";"Barin";0;0,0476190476190476;2;2;21;0,318181818181818;"Gogol_Lakeiskaja.csv";"Gogol"
"209";"Chuzhojsluga";0;0,0526315789473684;4;4;19;0,318181818181818;"Gogol_Lakeiskaja.csv";"Gogol"
"210";"Annushka";0;0,0344827586206897;1;1;29;0,318181818181818;"Gogol_Lakeiskaja.csv";"Gogol"
"211";"Ivan";1,5;0,0555555555555556;8;5;18;0,318181818181818;"Gogol_Lakeiskaja.csv";"Gogol"
"212";"Puzatyjdvoretskij";0;0,05;2;2;20;0,318181818181818;"Gogol_Lakeiskaja.csv";"Gogol"
"213";"Petr";0;0,0526315789473684;4;4;19;0,318181818181818;"Gogol_Lakeiskaja.csv";"Gogol"
"214";"MarjaAleksandrovna";2;0,333333333333333;3;3;3;0,666666666666667;"Gogol_Otryvok.csv";"Gogol"
"215";"Lakej";0;0,25;2;2;4;0,666666666666667;"Gogol_Otryvok.csv";"Gogol"
"216";"Sobachkin";0;0,2;1;1;5;0,666666666666667;"Gogol_Otryvok.csv";"Gogol"
"217";"Misha";0;0,25;2;2;4;0,666666666666667;"Gogol_Otryvok.csv";"Gogol"
"218";"Lomov";0;0,5;7;2;2;1;"Gogol_Predlozhenie.csv";"Gogol"
"219";"Chubukov";0;0,5;6;2;2;1;"Gogol_Predlozhenie.csv";"Gogol"
"220";"NataljaStepanovna";0;0,5;7;2;2;1;"Gogol_Predlozhenie.csv";"Gogol"
"221";"ArtemijFilippovich";39,8788739854916;0,015625;51;25;64;0,275757575757576;"Gogol_Revizor.csv";"Gogol"
"222";"Gorodnichij";281,812904905552;0,0188679245283019;74;35;53;0,275757575757576;"Gogol_Revizor.csv";"Gogol"
"223";"Bobchinskij";13,9053571428571;0,0133333333333333;31;14;75;0,275757575757576;"Gogol_Revizor.csv";"Gogol"
"224";"ArtemijaFilippovicha";0;0,0128205128205128;16;16;78;0,275757575757576;"Gogol_Revizor.csv";"Gogol"
"225";"Gostja";0;0,0128205128205128;16;16;78;0,275757575757576;"Gogol_Revizor.csv";"Gogol"
"226";"AnnaAndreevna";66,7073493499964;0,0161290322580645;51;26;62;0,275757575757576;"Gogol_Revizor.csv";"Gogol"
"227";"Mnogieizgostej";0;0,0128205128205128;16;16;78;0,275757575757576;"Gogol_Revizor.csv";"Gogol"
"228";"Mishka";0;0,00862068965517241;1;1;116;0,275757575757576;"Gogol_Revizor.csv";"Gogol"
"229";"Korobkin";27,7400793650794;0,0138888888888889;29;22;72;0,275757575757576;"Gogol_Revizor.csv";"Gogol"
"230";"AmmosFedorovich";39,8788739854916;0,015625;47;25;64;0,275757575757576;"Gogol_Revizor.csv";"Gogol"
"231";"LukaLukich";48,337207318825;0,015625;43;25;64;0,275757575757576;"Gogol_Revizor.csv";"Gogol"
"232";"Golosgorodnichego";2;0,0121951219512195;9;9;82;0,275757575757576;"Gogol_Revizor.csv";"Gogol"
"233";"Chastnogopristava";0;0,0128205128205128;16;16;78;0,275757575757576;"Gogol_Revizor.csv";"Gogol"
"234";"Pochtmejster";13,8518790849673;0,0133333333333333;20;14;75;0,275757575757576;"Gogol_Revizor.csv";"Gogol"
"235";"GolosDerzhimordy";0;0,00943396226415094;3;3;106;0,275757575757576;"Gogol_Revizor.csv";"Gogol"
"236";"Hlestakov";168,613825145443;0,0151515151515152;48;23;66;0,275757575757576;"Gogol_Revizor.csv";"Gogol"
"237";"MarjaAntonovna";30,7767722473605;0,0147058823529412;34;20;68;0,275757575757576;"Gogol_Revizor.csv";"Gogol"
"238";"Chastnyjpristav";0;0,0128205128205128;17;16;78;0,275757575757576;"Gogol_Revizor.csv";"Gogol"
"239";"Dobchinskij";5,59424603174603;0,0133333333333333;27;14;75;0,275757575757576;"Gogol_Revizor.csv";"Gogol"
"240";"GolosHlestakova";0;0,0119047619047619;7;7;84;0,275757575757576;"Gogol_Revizor.csv";"Gogol"
"241";"Bobchinskogo";0;0,0128205128205128;16;16;78;0,275757575757576;"Gogol_Revizor.csv";"Gogol"
"242";"GolosOsipa";0;0,0119047619047619;7;7;84;0,275757575757576;"Gogol_Revizor.csv";"Gogol"
"243";"GolosZemljaniki";0;0,0099009900990099;6;6;101;0,275757575757576;"Gogol_Revizor.csv";"Gogol"
"244";"Ljuljukov";0;0,0087719298245614;2;2;114;0,275757575757576;"Gogol_Revizor.csv";"Gogol"
"245";"Dobchinskogo";0;0,0128205128205128;16;16;78;0,275757575757576;"Gogol_Revizor.csv";"Gogol"
"246";"Osip";107,300137362637;0,0136986301369863;25;18;73;0,275757575757576;"Gogol_Revizor.csv";"Gogol"
"247";"Golosakuptsov";0;0,00943396226415094;3;3;106;0,275757575757576;"Gogol_Revizor.csv";"Gogol"
"248";"Golosjamschika";0;0,0119047619047619;7;7;84;0,275757575757576;"Gogol_Revizor.csv";"Gogol"
"249";"GolosBobchinskogo";0;0,0099009900990099;6;6;101;0,275757575757576;"Gogol_Revizor.csv";"Gogol"
"250";"Slesarsha";0;0,00943396226415094;3;3;106;0,275757575757576;"Gogol_Revizor.csv";"Gogol"
"251";"Odnaizdam";0;0,0120481927710843;11;11;83;0,275757575757576;"Gogol_Revizor.csv";"Gogol"
"252";"Rastakovskij";0;0,0128205128205128;18;16;78;0,275757575757576;"Gogol_Revizor.csv";"Gogol"
"253";"ZhenaKorobkina";27,7400793650794;0,0138888888888889;29;22;72;0,275757575757576;"Gogol_Revizor.csv";"Gogol"
"254";"Golosadvuhzhenschin";0;0,00952380952380952;4;4;105;0,275757575757576;"Gogol_Revizor.csv";"Gogol"
"255";"Kuptsy";3,32032967032967;0,0117647058823529;7;6;85;0,275757575757576;"Gogol_Revizor.csv";"Gogol"
"256";"Derzhimorda";0;0,0104166666666667;1;1;96;0,275757575757576;"Gogol_Revizor.csv";"Gogol"
"257";"Svistunov";0;0,0112359550561798;6;6;89;0,275757575757576;"Gogol_Revizor.csv";"Gogol"
"258";"Vse";8,22175536881419;0,0125;23;14;80;0,275757575757576;"Gogol_Revizor.csv";"Gogol"
"259";"Odinizkuptsov";3,32032967032967;0,0117647058823529;7;6;85;0,275757575757576;"Gogol_Revizor.csv";"Gogol"
"260";"Sluga";0;0,0113636363636364;5;3;88;0,275757575757576;"Gogol_Revizor.csv";"Gogol"
"261";"Unter-ofitsersha";0;0,00943396226415094;3;3;106;0,275757575757576;"Gogol_Revizor.csv";"Gogol"
"262";"ZhenyKorobkina";0;0,0128205128205128;16;16;78;0,275757575757576;"Gogol_Revizor.csv";"Gogol"
"263";"Zhenskiegolosa";0;0,0119047619047619;7;7;84;0,275757575757576;"Gogol_Revizor.csv";"Gogol"
"264";"ZhenaLukiLukicha";0;0,010752688172043;2;2;93;0,275757575757576;"Gogol_Revizor.csv";"Gogol"
"265";"Kvartalnyj";0;0,0105263157894737;2;2;95;0,275757575757576;"Gogol_Revizor.csv";"Gogol"
"266";"DrugojChinovnik";0;0,0114942528735632;87;87;87;1;"Gogol_Teatralnyi_razezd_posle_predstavlenija_novoi_komedii.csv";"Gogol"
"267";"Tretij";0;0,0114942528735632;87;87;87;1;"Gogol_Teatralnyi_razezd_posle_predstavlenija_novoi_komedii.csv";"Gogol"
"268";"GospodinNeskolkobezzabotnyjNaschetliteratury";0;0,0114942528735632;87;87;87;1;"Gogol_Teatralnyi_razezd_posle_predstavlenija_novoi_komedii.csv";"Gogol"
"269";"GolosVNarode";0;0,0114942528735632;87;87;87;1;"Gogol_Teatralnyi_razezd_posle_predstavlenija_novoi_komedii.csv";"Gogol"
"270";"Kupets";0;0,0114942528735632;87;87;87;1;"Gogol_Teatralnyi_razezd_posle_predstavlenija_novoi_komedii.csv";"Gogol"
"271";"RaznyeGolosa";0;0,0114942528735632;87;87;87;1;"Gogol_Teatralnyi_razezd_posle_predstavlenija_novoi_komedii.csv";"Gogol"
"272";"Dvebekeshi";0;0,0114942528735632;87;87;87;1;"Gogol_Teatralnyi_razezd_posle_predstavlenija_novoi_komedii.csv";"Gogol"
"273";"OdinIzNaroda";0;0,0114942528735632;87;87;87;1;"Gogol_Teatralnyi_razezd_posle_predstavlenija_novoi_komedii.csv";"Gogol"
"274";"MuzhPervojDamy";0;0,0114942528735632;87;87;87;1;"Gogol_Teatralnyi_razezd_posle_predstavlenija_novoi_komedii.csv";"Gogol"
"275";"SvetskajaDama";0;0,0114942528735632;87;87;87;1;"Gogol_Teatralnyi_razezd_posle_predstavlenija_novoi_komedii.csv";"Gogol"
"276";"DrugojOfitser";0;0,0114942528735632;87;87;87;1;"Gogol_Teatralnyi_razezd_posle_predstavlenija_novoi_komedii.csv";"Gogol"
"277";"GolosKuptsa";0;0,0114942528735632;87;87;87;1;"Gogol_Teatralnyi_razezd_posle_predstavlenija_novoi_komedii.csv";"Gogol"
"278";"Chinovniksrednihlet";0;0,0114942528735632;87;87;87;1;"Gogol_Teatralnyi_razezd_posle_predstavlenija_novoi_komedii.csv";"Gogol"
"279";"DrugajaBekesha";0;0,0114942528735632;87;87;87;1;"Gogol_Teatralnyi_razezd_posle_predstavlenija_novoi_komedii.csv";"Gogol"
"280";"GospodinNizenkijINevzrachnyjNojadovitogoSvojstva";0;0,0114942528735632;87;87;87;1;"Gogol_Teatralnyi_razezd_posle_predstavlenija_novoi_komedii.csv";"Gogol"
"281";"ChinovnikRazgovorchivogoSvojstva";0;0,0114942528735632;87;87;87;1;"Gogol_Teatralnyi_razezd_posle_predstavlenija_novoi_komedii.csv";"Gogol"
"282";"GospodinB";0;0,0114942528735632;87;87;87;1;"Gogol_Teatralnyi_razezd_posle_predstavlenija_novoi_komedii.csv";"Gogol"
"283";"EscheLiterator";0;0,0114942528735632;87;87;87;1;"Gogol_Teatralnyi_razezd_posle_predstavlenija_novoi_komedii.csv";"Gogol"
"284";"Ofitser";0;0,0114942528735632;87;87;87;1;"Gogol_Teatralnyi_razezd_posle_predstavlenija_novoi_komedii.csv";"Gogol"
"285";"GolosserditogoChinovnikaNoKakvidnoOpytnogo";0;0,0114942528735632;87;87;87;1;"Gogol_Teatralnyi_razezd_posle_predstavlenija_novoi_komedii.csv";"Gogol"
"286";"GospodinSDrugojStoronyGruppy";0;0,0114942528735632;87;87;87;1;"Gogol_Teatralnyi_razezd_posle_predstavlenija_novoi_komedii.csv";"Gogol"
"287";"ChinovnikVazhnojNaruzhnosti";0;0,0114942528735632;87;87;87;1;"Gogol_Teatralnyi_razezd_posle_predstavlenija_novoi_komedii.csv";"Gogol"
"288";"GospodinDobrodushnogoSvojstva";0;0,0114942528735632;87;87;87;1;"Gogol_Teatralnyi_razezd_posle_predstavlenija_novoi_komedii.csv";"Gogol"
"289";"GospodinA";0;0,0114942528735632;87;87;87;1;"Gogol_Teatralnyi_razezd_posle_predstavlenija_novoi_komedii.csv";"Gogol"
"290";"AvtorPesy";0;0,0114942528735632;87;87;87;1;"Gogol_Teatralnyi_razezd_posle_predstavlenija_novoi_komedii.csv";"Gogol"
"291";"Avtor";0;0,0114942528735632;87;87;87;1;"Gogol_Teatralnyi_razezd_posle_predstavlenija_novoi_komedii.csv";"Gogol"
"292";"GospodinN";0;0,0114942528735632;87;87;87;1;"Gogol_Teatralnyi_razezd_posle_predstavlenija_novoi_komedii.csv";"Gogol"
"293";"Pervyj";0;0,0114942528735632;87;87;87;1;"Gogol_Teatralnyi_razezd_posle_predstavlenija_novoi_komedii.csv";"Gogol"
"294";"NeznakomyjSosed";0;0,0114942528735632;87;87;87;1;"Gogol_Teatralnyi_razezd_posle_predstavlenija_novoi_komedii.csv";"Gogol"
"295";"OdinChinovnik";0;0,0114942528735632;87;87;87;1;"Gogol_Teatralnyi_razezd_posle_predstavlenija_novoi_komedii.csv";"Gogol"
"296";"Pjatyj";0;0,0114942528735632;87;87;87;1;"Gogol_Teatralnyi_razezd_posle_predstavlenija_novoi_komedii.csv";"Gogol"
"297";"GospodinOtritsatelnogoSvojstva";0;0,0114942528735632;87;87;87;1;"Gogol_Teatralnyi_razezd_posle_predstavlenija_novoi_komedii.csv";"Gogol"
"298";"Muzhchinavofrake";0;0,0114942528735632;87;87;87;1;"Gogol_Teatralnyi_razezd_posle_predstavlenija_novoi_komedii.csv";"Gogol"
"299";"GolosGospodinaPooschritelnogoSvojstva";0;0,0114942528735632;87;87;87;1;"Gogol_Teatralnyi_razezd_posle_predstavlenija_novoi_komedii.csv";"Gogol"
"300";"Neznakomets";0;0,0114942528735632;87;87;87;1;"Gogol_Teatralnyi_razezd_posle_predstavlenija_novoi_komedii.csv";"Gogol"
"301";"GospodinDobrodushnyj";0;0,0114942528735632;87;87;87;1;"Gogol_Teatralnyi_razezd_posle_predstavlenija_novoi_komedii.csv";"Gogol"
"302";"MolodajaDama";0;0,0114942528735632;87;87;87;1;"Gogol_Teatralnyi_razezd_posle_predstavlenija_novoi_komedii.csv";"Gogol"
"303";"GospodaHoroshoOdetye";0;0,0114942528735632;87;87;87;1;"Gogol_Teatralnyi_razezd_posle_predstavlenija_novoi_komedii.csv";"Gogol"
"304";"Drugoj";0;0,0114942528735632;87;87;87;1;"Gogol_Teatralnyi_razezd_posle_predstavlenija_novoi_komedii.csv";"Gogol"
"305";"GospodinHladnokrovnogoSvojstva";0;0,0114942528735632;87;87;87;1;"Gogol_Teatralnyi_razezd_posle_predstavlenija_novoi_komedii.csv";"Gogol"
"306";"GolosVDrugomKontse";0;0,0114942528735632;87;87;87;1;"Gogol_Teatralnyi_razezd_posle_predstavlenija_novoi_komedii.csv";"Gogol"
"307";"Odin";0;0,0114942528735632;87;87;87;1;"Gogol_Teatralnyi_razezd_posle_predstavlenija_novoi_komedii.csv";"Gogol"
"308";"OchenSkromnoOdetyjChelovek";0;0,0114942528735632;87;87;87;1;"Gogol_Teatralnyi_razezd_posle_predstavlenija_novoi_komedii.csv";"Gogol"
"309";"MolodenkijChinovnik";0;0,0114942528735632;87;87;87;1;"Gogol_Teatralnyi_razezd_posle_predstavlenija_novoi_komedii.csv";"Gogol"
"310";"MolodenkijChinovnikUklonchivogoSvojstva";0;0,0114942528735632;87;87;87;1;"Gogol_Teatralnyi_razezd_posle_predstavlenija_novoi_komedii.csv";"Gogol"
"311";"GolosIzTolpy";0;0,0114942528735632;87;87;87;1;"Gogol_Teatralnyi_razezd_posle_predstavlenija_novoi_komedii.csv";"Gogol"
"312";"MuzhchinaVMundire";0;0,0114942528735632;87;87;87;1;"Gogol_Teatralnyi_razezd_posle_predstavlenija_novoi_komedii.csv";"Gogol"
"313";"NeizvestnoKakojChelovek";0;0,0114942528735632;87;87;87;1;"Gogol_Teatralnyi_razezd_posle_predstavlenija_novoi_komedii.csv";"Gogol"
"314";"GospodinHladnokrovnyj";0;0,0114942528735632;87;87;87;1;"Gogol_Teatralnyi_razezd_posle_predstavlenija_novoi_komedii.csv";"Gogol"
"315";"OtstavshijChinovnik";0;0,0114942528735632;87;87;87;1;"Gogol_Teatralnyi_razezd_posle_predstavlenija_novoi_komedii.csv";"Gogol"
"316";"Muzh";0;0,0114942528735632;87;87;87;1;"Gogol_Teatralnyi_razezd_posle_predstavlenija_novoi_komedii.csv";"Gogol"
"317";"Sinijarmjak";0;0,0114942528735632;87;87;87;1;"Gogol_Teatralnyi_razezd_posle_predstavlenija_novoi_komedii.csv";"Gogol"
"318";"GospodinP";0;0,0114942528735632;87;87;87;1;"Gogol_Teatralnyi_razezd_posle_predstavlenija_novoi_komedii.csv";"Gogol"
"319";"GospodinV";0;0,0114942528735632;87;87;87;1;"Gogol_Teatralnyi_razezd_posle_predstavlenija_novoi_komedii.csv";"Gogol"
"320";"GospodinVShineli";0;0,0114942528735632;87;87;87;1;"Gogol_Teatralnyi_razezd_posle_predstavlenija_novoi_komedii.csv";"Gogol"
"321";"GospodinBezzabotnyjNaschetliteratury";0;0,0114942528735632;87;87;87;1;"Gogol_Teatralnyi_razezd_posle_predstavlenija_novoi_komedii.csv";"Gogol"
"322";"PervyjCommeIlFaut";0;0,0114942528735632;87;87;87;1;"Gogol_Teatralnyi_razezd_posle_predstavlenija_novoi_komedii.csv";"Gogol"
"323";"DamaSrednegoSveta";0;0,0114942528735632;87;87;87;1;"Gogol_Teatralnyi_razezd_posle_predstavlenija_novoi_komedii.csv";"Gogol"
"324";"KnjazN";0;0,0114942528735632;87;87;87;1;"Gogol_Teatralnyi_razezd_posle_predstavlenija_novoi_komedii.csv";"Gogol"
"325";"GolosVOdnomkontseTolpy";0;0,0114942528735632;87;87;87;1;"Gogol_Teatralnyi_razezd_posle_predstavlenija_novoi_komedii.csv";"Gogol"
"326";"ProstoVral";0;0,0114942528735632;87;87;87;1;"Gogol_Teatralnyi_razezd_posle_predstavlenija_novoi_komedii.csv";"Gogol"
"327";"OdinIzGospod";0;0,0114942528735632;87;87;87;1;"Gogol_Teatralnyi_razezd_posle_predstavlenija_novoi_komedii.csv";"Gogol"
"328";"GolosDrugogoChinovnikaIzTolpy";0;0,0114942528735632;87;87;87;1;"Gogol_Teatralnyi_razezd_posle_predstavlenija_novoi_komedii.csv";"Gogol"
"329";"Literator";0;0,0114942528735632;87;87;87;1;"Gogol_Teatralnyi_razezd_posle_predstavlenija_novoi_komedii.csv";"Gogol"
"330";"NevzrachnyjNojadovitogoSvojstvaGospodin";0;0,0114942528735632;87;87;87;1;"Gogol_Teatralnyi_razezd_posle_predstavlenija_novoi_komedii.csv";"Gogol"
"331";"MuzhVtorojDamy";0;0,0114942528735632;87;87;87;1;"Gogol_Teatralnyi_razezd_posle_predstavlenija_novoi_komedii.csv";"Gogol"
"332";"KrasivyjiPlotnyjGospodin";0;0,0114942528735632;87;87;87;1;"Gogol_Teatralnyi_razezd_posle_predstavlenija_novoi_komedii.csv";"Gogol"
"333";"GospodinpolozhitelnogoSvojstva";0;0,0114942528735632;87;87;87;1;"Gogol_Teatralnyi_razezd_posle_predstavlenija_novoi_komedii.csv";"Gogol"
"334";"PervajaBekesha";0;0,0114942528735632;87;87;87;1;"Gogol_Teatralnyi_razezd_posle_predstavlenija_novoi_komedii.csv";"Gogol"
"335";"Voennyj";0;0,0114942528735632;87;87;87;1;"Gogol_Teatralnyi_razezd_posle_predstavlenija_novoi_komedii.csv";"Gogol"
"336";"PervyjOfitser";0;0,0114942528735632;87;87;87;1;"Gogol_Teatralnyi_razezd_posle_predstavlenija_novoi_komedii.csv";"Gogol"
"337";"PervajaDama";0;0,0114942528735632;87;87;87;1;"Gogol_Teatralnyi_razezd_posle_predstavlenija_novoi_komedii.csv";"Gogol"
"338";"Odinizdvuhzritelej";0;0,0114942528735632;87;87;87;1;"Gogol_Teatralnyi_razezd_posle_predstavlenija_novoi_komedii.csv";"Gogol"
"339";"GospodinSVesom";0;0,0114942528735632;87;87;87;1;"Gogol_Teatralnyi_razezd_posle_predstavlenija_novoi_komedii.csv";"Gogol"
"340";"TozhesvetskijChelovekPoplotnee";0;0,0114942528735632;87;87;87;1;"Gogol_Teatralnyi_razezd_posle_predstavlenija_novoi_komedii.csv";"Gogol"
"341";"VtorajaDama";0;0,0114942528735632;87;87;87;1;"Gogol_Teatralnyi_razezd_posle_predstavlenija_novoi_komedii.csv";"Gogol"
"342";"Chetvertyj";0;0,0114942528735632;87;87;87;1;"Gogol_Teatralnyi_razezd_posle_predstavlenija_novoi_komedii.csv";"Gogol"
"343";"DobrodushnyjChinovnik";0;0,0114942528735632;87;87;87;1;"Gogol_Teatralnyi_razezd_posle_predstavlenija_novoi_komedii.csv";"Gogol"
"344";"NevzrachnyjNoJadovitogoSvojstva—helovek";0;0,0114942528735632;87;87;87;1;"Gogol_Teatralnyi_razezd_posle_predstavlenija_novoi_komedii.csv";"Gogol"
"345";"Vtoroj";0;0,0114942528735632;87;87;87;1;"Gogol_Teatralnyi_razezd_posle_predstavlenija_novoi_komedii.csv";"Gogol"
"346";"OchenSkromnoOdetyjChelov";0;0,0114942528735632;87;87;87;1;"Gogol_Teatralnyi_razezd_posle_predstavlenija_novoi_komedii.csv";"Gogol"
"347";"Statskij";0;0,0114942528735632;87;87;87;1;"Gogol_Teatralnyi_razezd_posle_predstavlenija_novoi_komedii.csv";"Gogol"
"348";"NeizvestnyjGolos";0;0,0114942528735632;87;87;87;1;"Gogol_Teatralnyi_razezd_posle_predstavlenija_novoi_komedii.csv";"Gogol"
"349";"SvetskijChelovekSchegolevatoodetyj";0;0,0114942528735632;87;87;87;1;"Gogol_Teatralnyi_razezd_posle_predstavlenija_novoi_komedii.csv";"Gogol"
"350";"TretijGospodin";0;0,0114942528735632;87;87;87;1;"Gogol_Teatralnyi_razezd_posle_predstavlenija_novoi_komedii.csv";"Gogol"
"351";"VtorojCommeIlFaut";0;0,0114942528735632;87;87;87;1;"Gogol_Teatralnyi_razezd_posle_predstavlenija_novoi_komedii.csv";"Gogol"
"352";"VtorojGospodin";0;0,0114942528735632;87;87;87;1;"Gogol_Teatralnyi_razezd_posle_predstavlenija_novoi_komedii.csv";"Gogol"
"353";"π";0;0,0114942528735632;87;87;87;1;"Gogol_Teatralnyi_razezd_posle_predstavlenija_novoi_komedii.csv";"Gogol"
"354";"Burdjukov";0;0,333333333333333;1;1;3;0,666666666666667;"Gogol_Tjazhba.csv";"Gogol"
"355";"Lakej";0;0,333333333333333;1;1;3;0,666666666666667;"Gogol_Tjazhba.csv";"Gogol"
"356";"Proletov";1;0,5;2;2;2;0,666666666666667;"Gogol_Tjazhba.csv";"Gogol"
"357";"IvanPetrovich";5;0,25;6;4;4;0,5;"Gogol_Utro_delovogo_cheloveka.csv";"Gogol"
"358";"AleksandrIvanovich";0;0,166666666666667;4;2;6;0,5;"Gogol_Utro_delovogo_cheloveka.csv";"Gogol"
"359";"Shrejder";0;0,142857142857143;1;1;7;0,5;"Gogol_Utro_delovogo_cheloveka.csv";"Gogol"
"360";"Lakej";0;0,142857142857143;1;1;7;0,5;"Gogol_Utro_delovogo_cheloveka.csv";"Gogol"
"361";"KaterinaAleksandrovna";0;0,166666666666667;2;2;6;0,5;"Gogol_Utro_delovogo_cheloveka.csv";"Gogol"
"362";"Fekla";15,2872294372294;0,0434782608695652;41;12;23;0,392156862745098;"Gogol_Zhenitba.csv";"Gogol"
"363";"Dunjashka";1,29545454545455;0,0333333333333333;6;6;30;0,392156862745098;"Gogol_Zhenitba.csv";"Gogol"
"364";"Anuchkin";14,3099567099567;0,0454545454545455;33;12;22;0,392156862745098;"Gogol_Zhenitba.csv";"Gogol"
"365";"AgafjaTihonovna";15,6038961038961;0,0434782608695652;34;11;23;0,392156862745098;"Gogol_Zhenitba.csv";"Gogol"
"366";"Jaichnitsa";30,3099567099567;0,0476190476190476;39;13;21;0,392156862745098;"Gogol_Zhenitba.csv";"Gogol"
"367";"Kochkarev";4,9538961038961;0,04;49;10;25;0,392156862745098;"Gogol_Zhenitba.csv";"Gogol"
"368";"ArinaPantelejmonovna";3,16818181818182;0,037037037037037;24;9;27;0,392156862745098;"Gogol_Zhenitba.csv";"Gogol"
"369";"GolosPodkolesina";16;0,032258064516129;5;5;31;0,392156862745098;"Gogol_Zhenitba.csv";"Gogol"
"370";"Podkolesin";16;0,037037037037037;22;8;27;0,392156862745098;"Gogol_Zhenitba.csv";"Gogol"
"371";"Devchonka";0;0,027027027027027;1;1;37;0,392156862745098;"Gogol_Zhenitba.csv";"Gogol"
"372";"GolosKochkareva";0;0,03125;4;4;32;0,392156862745098;"Gogol_Zhenitba.csv";"Gogol"
"373";"IvanPavlovich";0;0,03125;4;4;32;0,392156862745098;"Gogol_Zhenitba.csv";"Gogol"
"374";"Starikov";0,285714285714286;0,037037037037037;13;8;27;0,392156862745098;"Gogol_Zhenitba.csv";"Gogol"
"375";"Zhevakin";1,78571428571429;0,0384615384615385;30;9;26;0,392156862745098;"Gogol_Zhenitba.csv";"Gogol"
"376";"GolosFekly";0;0,0285714285714286;2;2;35;0,392156862745098;"Gogol_Zhenitba.csv";"Gogol"
"377";"Golosizvozchika";0;0,0212765957446809;1;1;47;0,392156862745098;"Gogol_Zhenitba.csv";"Gogol"
"378";"Stepan";0;0,0232558139534884;4;1;43;0,392156862745098;"Gogol_Zhenitba.csv";"Gogol"
"379";"Vsetroe";0;0,0277777777777778;4;4;36;0,392156862745098;"Gogol_Zhenitba.csv";"Gogol"
"380";"Dostigaev";1,23076923076923;0,0454545454545455;32;20;22;0,878787878787879;"Gorkij_Egor_Bulychov_i_drugie.csv";"Gorkij"
"381";"Aleksej";0;0,0384615384615385;16;16;26;0,878787878787879;"Gorkij_Egor_Bulychov_i_drugie.csv";"Gorkij"
"382";"Mokrousov";0;0,0384615384615385;16;16;26;0,878787878787879;"Gorkij_Egor_Bulychov_i_drugie.csv";"Gorkij"
"383";"Bashkin";2,61965811965812;0,0476190476190476;41;21;21;0,878787878787879;"Gorkij_Egor_Bulychov_i_drugie.csv";"Gorkij"
"384";"Doktor";0;0,0303030303030303;9;9;33;0,878787878787879;"Gorkij_Egor_Bulychov_i_drugie.csv";"Gorkij"
"385";"Bulychov";2,61965811965812;0,0476190476190476;41;21;21;0,878787878787879;"Gorkij_Egor_Bulychov_i_drugie.csv";"Gorkij"
"386";"Antonina";1,23076923076923;0,0454545454545455;32;20;22;0,878787878787879;"Gorkij_Egor_Bulychov_i_drugie.csv";"Gorkij"
"387";"Propotej";0;0,0384615384615385;16;16;26;0,878787878787879;"Gorkij_Egor_Bulychov_i_drugie.csv";"Gorkij"
"388";"Elizaveta";1,23076923076923;0,0454545454545455;32;20;22;0,878787878787879;"Gorkij_Egor_Bulychov_i_drugie.csv";"Gorkij"
"389";"Donat";0,888888888888889;0,04;25;17;25;0,878787878787879;"Gorkij_Egor_Bulychov_i_drugie.csv";"Gorkij"
"390";"Pavlin";2,61965811965812;0,0476190476190476;41;21;21;0,878787878787879;"Gorkij_Egor_Bulychov_i_drugie.csv";"Gorkij"
"391";"Ksenija";2,61965811965812;0,0476190476190476;41;21;21;0,878787878787879;"Gorkij_Egor_Bulychov_i_drugie.csv";"Gorkij"
"392";"Glafira";2,61965811965812;0,0476190476190476;41;21;21;0,878787878787879;"Gorkij_Egor_Bulychov_i_drugie.csv";"Gorkij"
"393";"Laptev";0;0,0384615384615385;16;16;26;0,878787878787879;"Gorkij_Egor_Bulychov_i_drugie.csv";"Gorkij"
"394";"Shura";2,61965811965812;0,0476190476190476;41;21;21;0,878787878787879;"Gorkij_Egor_Bulychov_i_drugie.csv";"Gorkij"
"395";"Melanija";1,23076923076923;0,0454545454545455;32;20;22;0,878787878787879;"Gorkij_Egor_Bulychov_i_drugie.csv";"Gorkij"
"396";"Taisja";0;0,0384615384615385;16;16;26;0,878787878787879;"Gorkij_Egor_Bulychov_i_drugie.csv";"Gorkij"
"397";"Tjatin";1,23076923076923;0,0454545454545455;32;20;22;0,878787878787879;"Gorkij_Egor_Bulychov_i_drugie.csv";"Gorkij"
"398";"Varvara";2,61965811965812;0,0476190476190476;41;21;21;0,878787878787879;"Gorkij_Egor_Bulychov_i_drugie.csv";"Gorkij"
"399";"Zobunova";0;0,0384615384615385;16;16;26;0,878787878787879;"Gorkij_Egor_Bulychov_i_drugie.csv";"Gorkij"
"400";"Trubach";0;0,0384615384615385;16;16;26;0,878787878787879;"Gorkij_Egor_Bulychov_i_drugie.csv";"Gorkij"
"401";"Zvontsov";2,61965811965812;0,0476190476190476;41;21;21;0,878787878787879;"Gorkij_Egor_Bulychov_i_drugie.csv";"Gorkij"
"402";"Aleshka";0;0,0526315789473684;23;15;19;0,849673202614379;"Gorkij_Na_dne.csv";"Gorkij"
"403";"Baron";1,28571428571429;0,0555555555555556;30;16;18;0,849673202614379;"Gorkij_Na_dne.csv";"Gorkij"
"404";"KrivojZob";4,33333333333333;0,0555555555555556;18;16;18;0,849673202614379;"Gorkij_Na_dne.csv";"Gorkij"
"405";"Akter";0;0,0526315789473684;23;15;19;0,849673202614379;"Gorkij_Na_dne.csv";"Gorkij"
"406";"Nastja";1,28571428571429;0,0555555555555556;30;16;18;0,849673202614379;"Gorkij_Na_dne.csv";"Gorkij"
"407";"Klesch";0;0,0526315789473684;23;15;19;0,849673202614379;"Gorkij_Na_dne.csv";"Gorkij"
"408";"Kvashnja";1,28571428571429;0,0555555555555556;22;16;18;0,849673202614379;"Gorkij_Na_dne.csv";"Gorkij"
"409";"Pepel";0;0,0526315789473684;15;15;19;0,849673202614379;"Gorkij_Na_dne.csv";"Gorkij"
"410";"Luka";1,28571428571429;0,0555555555555556;22;16;18;0,849673202614379;"Gorkij_Na_dne.csv";"Gorkij"
"411";"Bubnov";6,61904761904762;0,0588235294117647;33;17;17;0,849673202614379;"Gorkij_Na_dne.csv";"Gorkij"
"412";"Kostylev";1,28571428571429;0,0555555555555556;22;16;18;0,849673202614379;"Gorkij_Na_dne.csv";"Gorkij"
"413";"Anna";0;0,037037037037037;7;7;27;0,849673202614379;"Gorkij_Na_dne.csv";"Gorkij"
"414";"Natasha";0;0,0526315789473684;15;15;19;0,849673202614379;"Gorkij_Na_dne.csv";"Gorkij"
"415";"Medvedev";1,28571428571429;0,0555555555555556;30;16;18;0,849673202614379;"Gorkij_Na_dne.csv";"Gorkij"
"416";"Satin";0;0,0526315789473684;23;15;19;0,849673202614379;"Gorkij_Na_dne.csv";"Gorkij"
"417";"Tatarin";4,33333333333333;0,0555555555555556;26;16;18;0,849673202614379;"Gorkij_Na_dne.csv";"Gorkij"
"418";"BubnoviKrivojZob";0;0,032258064516129;3;3;31;0,849673202614379;"Gorkij_Na_dne.csv";"Gorkij"
"419";"Vasilisa";0;0,0526315789473684;15;15;19;0,849673202614379;"Gorkij_Na_dne.csv";"Gorkij"
"420";"PelagejaEgorovna";11,0245421245421;0,0588235294117647;53;17;17;0,764705882352941;"Ostrovskij_Bednost_ne_porok.csv";"Ostrovskij"
"421";"Arina";2,12454212454212;0,0526315789473684;27;15;19;0,764705882352941;"Ostrovskij_Bednost_ne_porok.csv";"Ostrovskij"
"422";"Egorushka";2,12454212454212;0,0526315789473684;24;15;19;0,764705882352941;"Ostrovskij_Bednost_ne_porok.csv";"Ostrovskij"
"423";"Devushki";0,0769230769230769;0,0476190476190476;16;13;21;0,764705882352941;"Ostrovskij_Bednost_ne_porok.csv";"Ostrovskij"
"424";"Starik";0;0,0384615384615385;8;8;26;0,764705882352941;"Ostrovskij_Bednost_ne_porok.csv";"Ostrovskij"
"425";"AnnaIvanovna";0,476923076923077;0,05;38;14;20;0,764705882352941;"Ostrovskij_Bednost_ne_porok.csv";"Ostrovskij"
"426";"Korshunov";0,4;0,0476190476190476;35;13;21;0,764705882352941;"Ostrovskij_Bednost_ne_porok.csv";"Ostrovskij"
"427";"Guslin";9,61428571428571;0,0555555555555556;37;16;18;0,764705882352941;"Ostrovskij_Bednost_ne_porok.csv";"Ostrovskij"
"428";"Liza";0,476923076923077;0,05;35;14;20;0,764705882352941;"Ostrovskij_Bednost_ne_porok.csv";"Ostrovskij"
"429";"LjubimKarpych";0,0769230769230769;0,0416666666666667;19;10;24;0,764705882352941;"Ostrovskij_Bednost_ne_porok.csv";"Ostrovskij"
"430";"GusliniMitja";0;0,03125;2;2;32;0,764705882352941;"Ostrovskij_Bednost_ne_porok.csv";"Ostrovskij"
"431";"Razljuljaev";3,02454212454212;0,0555555555555556;49;16;18;0,764705882352941;"Ostrovskij_Bednost_ne_porok.csv";"Ostrovskij"
"432";"LjubovGordeevna";0,476923076923077;0,05;58;14;20;0,764705882352941;"Ostrovskij_Bednost_ne_porok.csv";"Ostrovskij"
"433";"Mitja";3,02454212454212;0,0555555555555556;52;16;18;0,764705882352941;"Ostrovskij_Bednost_ne_porok.csv";"Ostrovskij"
"434";"GordejKarpych";0,476923076923077;0,05;40;14;20;0,764705882352941;"Ostrovskij_Bednost_ne_porok.csv";"Ostrovskij"
"435";"Vozhak";0;0,0384615384615385;8;8;26;0,764705882352941;"Ostrovskij_Bednost_ne_porok.csv";"Ostrovskij"
"436";"Masha";0,476923076923077;0,05;35;14;20;0,764705882352941;"Ostrovskij_Bednost_ne_porok.csv";"Ostrovskij"
"437";"jagostja";2,12454212454212;0,0526315789473684;22;15;19;0,764705882352941;"Ostrovskij_Bednost_ne_porok.csv";"Ostrovskij"
"438";"Ivan";0,111111111111111;0,1;38;10;10;0,981818181818182;"Ostrovskij_Bespridannitsa.csv";"Ostrovskij"
"439";"Ogudalova";0,111111111111111;0,1;46;10;10;0,981818181818182;"Ostrovskij_Bespridannitsa.csv";"Ostrovskij"
"440";"Karandyshev";0,111111111111111;0,1;46;10;10;0,981818181818182;"Ostrovskij_Bespridannitsa.csv";"Ostrovskij"
"441";"Larisa";0,111111111111111;0,1;49;10;10;0,981818181818182;"Ostrovskij_Bespridannitsa.csv";"Ostrovskij"
"442";"Paratov";0,111111111111111;0,1;63;10;10;0,981818181818182;"Ostrovskij_Bespridannitsa.csv";"Ostrovskij"
"443";"EvfrosinjaPotapovna";0;0,0909090909090909;15;9;11;0,981818181818182;"Ostrovskij_Bespridannitsa.csv";"Ostrovskij"
"444";"Knurov";0,111111111111111;0,1;55;10;10;0,981818181818182;"Ostrovskij_Bespridannitsa.csv";"Ostrovskij"
"445";"Ilja";0,111111111111111;0,1;15;10;10;0,981818181818182;"Ostrovskij_Bespridannitsa.csv";"Ostrovskij"
"446";"Robinzon";0,111111111111111;0,1;57;10;10;0,981818181818182;"Ostrovskij_Bespridannitsa.csv";"Ostrovskij"
"447";"Gavrilo";0;0,0909090909090909;23;9;11;0,981818181818182;"Ostrovskij_Bespridannitsa.csv";"Ostrovskij"
"448";"Vozhevatov";0,111111111111111;0,1;67;10;10;0,981818181818182;"Ostrovskij_Bespridannitsa.csv";"Ostrovskij"
"449";"Dikoj";1,92857142857143;0,0333333333333333;27;14;30;0,656126482213439;"Ostrovskij_Groza.csv";"Ostrovskij"
"450";"Odiniznaroda";0;0,032258064516129;13;13;31;0,656126482213439;"Ostrovskij_Groza.csv";"Ostrovskij"
"451";"Boris";15,5285714285714;0,0454545454545455;43;22;22;0,656126482213439;"Ostrovskij_Groza.csv";"Ostrovskij"
"452";"Drugoj_1";0;0,032258064516129;13;13;31;0,656126482213439;"Ostrovskij_Groza.csv";"Ostrovskij"
"453";"Drugoj_2";0;0,032258064516129;13;13;31;0,656126482213439;"Ostrovskij_Groza.csv";"Ostrovskij"
"454";"Varvara";1,92857142857143;0,0333333333333333;35;14;30;0,656126482213439;"Ostrovskij_Groza.csv";"Ostrovskij"
"455";"Kabanova";15,5285714285714;0,0454545454545455;45;22;22;0,656126482213439;"Ostrovskij_Groza.csv";"Ostrovskij"
"456";"Kabanov";15,5285714285714;0,0454545454545455;45;22;22;0,656126482213439;"Ostrovskij_Groza.csv";"Ostrovskij"
"457";"Glasha";4;0,0357142857142857;25;16;28;0,656126482213439;"Ostrovskij_Groza.csv";"Ostrovskij"
"458";"Shapkin";0;0,0294117647058824;10;10;34;0,656126482213439;"Ostrovskij_Groza.csv";"Ostrovskij"
"459";"Katerina";15,5285714285714;0,0454545454545455;41;22;22;0,656126482213439;"Ostrovskij_Groza.csv";"Ostrovskij"
"460";"Kuligin";15,5285714285714;0,0454545454545455;40;22;22;0,656126482213439;"Ostrovskij_Groza.csv";"Ostrovskij"
"461";"Zhenschina";0;0,0294117647058824;10;10;34;0,656126482213439;"Ostrovskij_Groza.csv";"Ostrovskij"
"462";"Barynja";1,125;0,032258064516129;20;13;31;0,656126482213439;"Ostrovskij_Groza.csv";"Ostrovskij"
"463";"Odinizvozvrativshihsja";0;0,032258064516129;13;13;31;0,656126482213439;"Ostrovskij_Groza.csv";"Ostrovskij"
"464";"Feklusha";0,375;0,0303030303030303;22;11;33;0,656126482213439;"Ostrovskij_Groza.csv";"Ostrovskij"
"465";"Kudrjash";0;0,0294117647058824;13;10;34;0,656126482213439;"Ostrovskij_Groza.csv";"Ostrovskij"
"466";"pervyj_dejstvije_4";0;0,0294117647058824;10;10;34;0,656126482213439;"Ostrovskij_Groza.csv";"Ostrovskij"
"467";"Tretij";0;0,032258064516129;13;13;31;0,656126482213439;"Ostrovskij_Groza.csv";"Ostrovskij"
"468";"Neskolkogolosov";0;0,032258064516129;13;13;31;0,656126482213439;"Ostrovskij_Groza.csv";"Ostrovskij"
"469";"pervyj_dejstvije_5";0;0,032258064516129;13;13;31;0,656126482213439;"Ostrovskij_Groza.csv";"Ostrovskij"
"470";"vtoroj_dejstvije_4";0;0,0294117647058824;10;10;34;0,656126482213439;"Ostrovskij_Groza.csv";"Ostrovskij"
"471";"vtoroj_dejstvije_5";0;0,032258064516129;13;13;31;0,656126482213439;"Ostrovskij_Groza.csv";"Ostrovskij"
"472";"Bolshov";0;0,142857142857143;37;7;7;1;"Ostrovskij_Svoi_ljudi_ó_sochtemsja.csv";"Ostrovskij"
"473";"Podhaljuzin";0;0,142857142857143;38;7;7;1;"Ostrovskij_Svoi_ljudi_ó_sochtemsja.csv";"Ostrovskij"
"474";"Fominishna";0;0,142857142857143;25;7;7;1;"Ostrovskij_Svoi_ljudi_ó_sochtemsja.csv";"Ostrovskij"
"475";"Rispolozhenskij";0;0,142857142857143;25;7;7;1;"Ostrovskij_Svoi_ljudi_ó_sochtemsja.csv";"Ostrovskij"
"476";"Lipochka";0;0,142857142857143;37;7;7;1;"Ostrovskij_Svoi_ljudi_ó_sochtemsja.csv";"Ostrovskij"
"477";"AgrafenaKondratevna";0;0,142857142857143;48;7;7;1;"Ostrovskij_Svoi_ljudi_ó_sochtemsja.csv";"Ostrovskij"
"478";"Tishka";0;0,142857142857143;14;7;7;1;"Ostrovskij_Svoi_ljudi_ó_sochtemsja.csv";"Ostrovskij"
"479";"UstinjaNaumovna";0;0,142857142857143;38;7;7;1;"Ostrovskij_Svoi_ljudi_ó_sochtemsja.csv";"Ostrovskij"
"480";"Glafira";1,83333333333333;0,0833333333333333;24;8;12;0,690909090909091;"Ostrovskij_Volki_i_ovtsy.csv";"Ostrovskij"
"481";"Berkutov";3,58333333333333;0,0909090909090909;28;9;11;0,690909090909091;"Ostrovskij_Volki_i_ovtsy.csv";"Ostrovskij"
"482";"Kupavina";3,23333333333333;0,0909090909090909;47;9;11;0,690909090909091;"Ostrovskij_Volki_i_ovtsy.csv";"Ostrovskij"
"483";"Lynjaev";3,23333333333333;0,0909090909090909;31;9;11;0,690909090909091;"Ostrovskij_Volki_i_ovtsy.csv";"Ostrovskij"
"484";"Goretskij";0;0,0625;4;4;16;0,690909090909091;"Ostrovskij_Volki_i_ovtsy.csv";"Ostrovskij"
"485";"Chugunov";3,23333333333333;0,0909090909090909;20;9;11;0,690909090909091;"Ostrovskij_Volki_i_ovtsy.csv";"Ostrovskij"
"486";"Anfusa";0,4;0,0769230769230769;30;7;13;0,690909090909091;"Ostrovskij_Volki_i_ovtsy.csv";"Ostrovskij"
"487";"Murzavetskaja";1,48333333333333;0,0833333333333333;29;8;12;0,690909090909091;"Ostrovskij_Volki_i_ovtsy.csv";"Ostrovskij"
"488";"Lakej";0;0,0625;8;4;16;0,690909090909091;"Ostrovskij_Volki_i_ovtsy.csv";"Ostrovskij"
"489";"Pavlin";0;0,0625;6;4;16;0,690909090909091;"Ostrovskij_Volki_i_ovtsy.csv";"Ostrovskij"
"490";"Murzavetskij";0;0,0666666666666667;17;5;15;0,690909090909091;"Ostrovskij_Volki_i_ovtsy.csv";"Ostrovskij"
